"StationName","Date","ObservationType","TemperatureMin(F)","TemperatureMax(F)","RelativeHumidityMin(%)","RelativeHumidityMax(%)","Precipitation24hr(in)","WindSpeedMax(mph)","GustSpeedMax(mph)","GustDirection(degrees)","GustDirectionMaxTime(hh)","MaxSolarRadiation(W/m2)","DailySnowFlag"
"HELLS HALF","2026-05-04","O",36,53,34,72,0,27,39,47,22,859,1
"PLAINS","2026-05-04","O",40,72,29,89,0,5,16,83,17,807,0
"HOT SPRINGS","2026-05-04","O",40,70,28,84,0,17,25,53,18,821,0
"RONAN","2026-05-04","O",44,67,33,84,0,13,21,3,16,870,0
"JETTE","2026-05-04","O",44,66,29,65,0,4,10,295,14,730,0
"PISTOL CREEK","2026-05-04","O",35,57,34,68,0,10,25,133,10,836,0
"NINE MILE","2026-05-04","O",39,68,33,83,0,10,19,101,8,822,0
"SEELEY LAKE","2026-05-04","O",33,62,34,93,0,4,13,2,18,478,0
"BLUE MTN","2026-05-04","O",45,70,28,76,0,3,11,102,13,836,0
"POINT 6","2026-05-04","O",28,46,36,80,0,23,34,74,4,881,1
"CLEARWATER","2026-05-04","O",41,60,33,80,0,13,27,36,1,823,0
"DEER MOUNTAIN","2026-05-04","O",36,57,40,69,0,9,27,338,18,951,0
"GIRD POINT","2026-05-04","O",36,63,36,68,0,3,14,65,23,895,0
"LITTLE ROCK CREEK","2026-05-04","O",44,66,35,57,0,8,21,332,19,908,0
"SAWMILL CREEK","2026-05-04","O",42,65,31,56,0,7,18,92,20,840,0
"HARVEY GROUSE","2026-05-04","O",38,55,36,57,0,9,21,138,10,827,0
"YANKEE FLAT","2026-05-04","O",28,55,38,93,0,10,18,89,10,855,0
"HELLS HALF","2026-05-05","O",32,46,44,74,0,28,41,53,22,824,1
"PLAINS","2026-05-05","O",35,67,23,87,0,9,21,93,12,784,0
"HOT SPRINGS","2026-05-05","O",35,65,23,82,0,16,22,78,13,890,0
"RONAN","2026-05-05","O",36,61,25,92,0,14,23,3,15,980,0
"JETTE","2026-05-05","O",40,62,22,62,0,5,13,7,15,825,0
"PISTOL CREEK","2026-05-05","O",30,53,29,74,0,8,20,293,15,844,0
"NINE MILE","2026-05-05","O",35,64,22,84,0,8,21,1,18,845,0
"SEELEY LAKE","2026-05-05","O",29,56,31,93,0,7,17,139,15,661,0
"BLUE MTN","2026-05-05","O",37,66,21,67,0,4,15,346,18,933,0
"POINT 6","2026-05-05","O",25,41,40,87,0,19,35,345,16,773,1
"CLEARWATER","2026-05-05","O",30,56,28,88,0,13,25,100,15,753,0
"DEER MOUNTAIN","2026-05-05","O",32,47,39,73,0,12,27,355,18,1011,0
"GIRD POINT","2026-05-05","O",31,55,30,72,0,3,13,121,19,858,0
"LITTLE ROCK CREEK","2026-05-05","O",37,57,28,64,0,10,27,339,18,995,0
"SAWMILL CREEK","2026-05-05","O",37,57,21,57,0,7,25,348,17,877,0
"HARVEY GROUSE","2026-05-05","O",33,49,31,65,0,9,19,116,16,645,0
"YANKEE FLAT","2026-05-05","O",21,48,35,92,0,10,19,138,16,649,0
"HELLS HALF","2026-05-06","O",32,53,42,78,0,10,20,6,13,843,1
"PLAINS","2026-05-06","O",32,80,25,82,0,10,23,293,18,903,0
"HOT SPRINGS","2026-05-06","O",27,73,30,91,0,11,16,326,23,859,0
"RONAN","2026-05-06","O",31,72,31,91,0,5,18,43,13,880,0
"JETTE","2026-05-06","O",35,68,34,79,0.01,4,11,38,22,823,0
"PISTOL CREEK","2026-05-06","O",29,64,36,75,0,12,25,289,14,859,0
"NINE MILE","2026-05-06","O",31,69,32,87,0,7,15,229,21,867,0
"SEELEY LAKE","2026-05-06","O",23,71,26,92,0,9,22,301,16,923,0
"BLUE MTN","2026-05-06","O",31,72,29,82,0,2,10,149,16,843,0
"POINT 6","2026-05-06","O",27,48,45,81,0,25,37,266,18,833,1
"CLEARWATER","2026-05-06","O",25,71,28,89,0,17,26,276,15,935,0
"DEER MOUNTAIN","2026-05-06","O",31,61,34,64,0,12,31,294,14,965,0
"GIRD POINT","2026-05-06","O",30,63,35,62,0,3,13,193,22,854,0
"LITTLE ROCK CREEK","2026-05-06","O",36,67,29,61,0,16,37,281,22,940,0
"SAWMILL CREEK","2026-05-06","O",36,67,30,51,0,7,22,281,17,912,0
"HARVEY GROUSE","2026-05-06","O",29,65,29,72,0,16,36,299,15,858,0
"YANKEE FLAT","2026-05-06","O",19,60,31,92,0,15,31,304,16,748,0
"HELLS HALF","2026-05-07","O",38,53,38,81,0,10,17,236,15,903,1
"PLAINS","2026-05-07","O",48,76,29,79,0,7,16,284,15,920,0
"HOT SPRINGS","2026-05-07","O",43,76,56,90,0,15,22,263,16,910,0
"RONAN","2026-05-07","O",46,72,35,90,0,8,15,6,3,885,0
"JETTE","2026-05-07","O",47,71,38,86,0,3,11,266,0,798,0
"PISTOL CREEK","2026-05-07","O",43,62,39,76,0,9,17,316,1,857,0
"NINE MILE","2026-05-07","O",46,74,26,84,0,9,21,200,11,884,0
"SEELEY LAKE","2026-05-07","O",39,68,27,99,0.07,9,18,245,16,961,0
"BLUE MTN","2026-05-07","O",47,76,24,76,0,2,10,351,9,758,0
"POINT 6","2026-05-07","O",36,46,62,89,0,25,30,286,0,733,1
"CLEARWATER","2026-05-07","O",43,70,29,96,0,13,24,284,15,860,0
"DEER MOUNTAIN","2026-05-07","O",42,60,34,72,0,13,29,285,16,1006,0
"GIRD POINT","2026-05-07","O",41,63,30,71,0,2,10,194,16,979,0
"LITTLE ROCK CREEK","2026-05-07","O",51,66,26,53,0,15,33,272,0,946,0
"SAWMILL CREEK","2026-05-07","O",49,65,30,52,0,6,16,292,15,886,0
"HARVEY GROUSE","2026-05-07","O",49,62,30,56,0,10,21,355,12,544,0
"YANKEE FLAT","2026-05-07","O",33,63,27,91,0,14,26,302,16,872,0
"HELLS HALF","2026-05-08","O",37,52,25,75,0,10,18,218,12,750,1
"PLAINS","2026-05-08","O",41,75,24,94,0,10,18,281,18,696,0
"HOT SPRINGS","2026-05-08","O",37,75,30,93,0,13,24,268,17,764,0
"RONAN","2026-05-08","O",41,73,34,94,0,6,11,189,15,707,0
"JETTE","2026-05-08","O",47,71,33,80,0,3,9,266,16,649,0
"PISTOL CREEK","2026-05-08","O",42,60,39,73,0,11,19,239,21,723,0
"NINE MILE","2026-05-08","O",40,72,24,95,0,9,18,252,18,708,0
"SEELEY LAKE","2026-05-08","O",32,70,22,98,0,6,19,263,17,739,0
"BLUE MTN","2026-05-08","O",41,71,19,93,0,2,13,211,17,693,0
"POINT 6","2026-05-08","O",35,47,50,78,0,29,38,289,23,677,1
"CLEARWATER","2026-05-08","O",35,71,25,97,0,10,23,266,14,757,0
"DEER MOUNTAIN","2026-05-08","O",40,57,25,64,0,11,27,283,20,779,0
"GIRD POINT","2026-05-08","O",40,59,24,69,0,2,9,260,23,811,0
"LITTLE ROCK CREEK","2026-05-08","O",48,63,18,53,0,10,26,274,19,653,0
"SAWMILL CREEK","2026-05-08","O",46,63,20,62,0,5,15,180,13,754,0
"HARVEY GROUSE","2026-05-08","O",46,64,20,65,0,12,19,354,12,776,0
"YANKEE FLAT","2026-05-08","O",27,65,22,95,0,14,24,299,15,900,0
"HELLS HALF","2026-05-09","O",32,53,34,71,0,10,15,351,20,955,1
"PLAINS","2026-05-09","O",39,77,24,81,0,4,16,288,13,879,0
"HOT SPRINGS","2026-05-09","O",39,75,44,79,0,15,27,219,13,893,0
"RONAN","2026-05-09","O",39,72,26,86,0,6,11,246,11,907,0
"JETTE","2026-05-09","O",46,72,26,62,0,3,10,238,10,840,0
"PISTOL CREEK","2026-05-09","O",39,61,33,55,0,8,17,275,15,913,0
"NINE MILE","2026-05-09","O",37,72,24,84,0,6,13,225,12,885,0
"SEELEY LAKE","2026-05-09","O",32,68,19,93,0,7,20,173,14,892,0
"BLUE MTN","2026-05-09","O",40,71,26,70,0,3,9,337,11,915,0
"POINT 6","2026-05-09","O",31,47,45,70,0,23,34,298,0,964,1
"CLEARWATER","2026-05-09","O",33,69,24,84,0,10,20,227,13,941,0
"DEER MOUNTAIN","2026-05-09","O",36,58,30,58,0,11,24,294,3,1019,0
"GIRD POINT","2026-05-09","O",37,61,30,60,0,3,10,198,17,945,0
"LITTLE ROCK CREEK","2026-05-09","O",45,65,26,45,0,14,25,253,8,919,0
"SAWMILL CREEK","2026-05-09","O",44,65,26,45,0,4,13,327,11,914,0
"HARVEY GROUSE","2026-05-09","O",45,63,28,43,0,9,22,292,0,910,0
"YANKEE FLAT","2026-05-09","O",31,61,26,84,0,11,21,303,8,916,0
"HELLS HALF","2026-05-10","O",41,63,15,53,0,16,23,202,15,902,1
"PLAINS","2026-05-10","O",40,82,18,90,0,6,14,336,20,861,0
"HOT SPRINGS","2026-05-10","O",34,79,49,90,0,10,15,133,14,914,0
"RONAN","2026-05-10","O",39,79,21,93,0,5,10,169,12,871,0
"JETTE","2026-05-10","O",46,76,25,73,0,3,9,306,21,773,0
"PISTOL CREEK","2026-05-10","O",41,70,21,64,0,8,18,328,22,870,0
"NINE MILE","2026-05-10","O",38,76,26,90,0,7,12,135,10,818,0
"SEELEY LAKE","2026-05-10","O",30,78,14,95,0,5,13,131,12,891,0
"BLUE MTN","2026-05-10","O",38,82,17,86,0,4,12,118,19,965,0
"POINT 6","2026-05-10","O",38,56,25,63,0,21,32,284,22,853,1
"CLEARWATER","2026-05-10","O",32,77,14,92,0,9,18,265,15,930,0
"DEER MOUNTAIN","2026-05-10","O",42,69,14,50,0,14,31,252,18,987,0
"GIRD POINT","2026-05-10","O",43,72,14,49,0,3,10,160,10,919,0
"LITTLE ROCK CREEK","2026-05-10","O",48,78,11,42,0,11,22,256,23,958,0
"SAWMILL CREEK","2026-05-10","O",48,74,12,48,0,6,15,333,13,902,0
"HARVEY GROUSE","2026-05-10","O",41,74,11,61,0,9,20,283,15,956,0
"YANKEE FLAT","2026-05-10","O",26,74,8,94,0,15,23,301,12,950,0
"HELLS HALF","2026-05-11","O",39,60,23,72,0,12,18,5,17,908,1
"PLAINS","2026-05-11","O",47,78,19,61,0,7,16,263,0,922,0
"HOT SPRINGS","2026-05-11","O",47,77,40,65,0,12,20,245,9,896,0
"RONAN","2026-05-11","O",42,75,19,79,0,8,15,189,8,922,0
"JETTE","2026-05-11","O",52,76,18,65,0,3,9,255,14,854,0
"PISTOL CREEK","2026-05-11","O",44,65,25,64,0,10,20,269,0,909,0
"NINE MILE","2026-05-11","O",47,76,17,75,0,9,21,206,9,883,0
"SEELEY LAKE","2026-05-11","O",38,71,18,90,0,10,22,190,10,956,0
"BLUE MTN","2026-05-11","O",50,79,16,59,0,3,11,349,10,923,0
"POINT 6","2026-05-11","O",37,50,36,82,0,27,30,266,1,932,1
"CLEARWATER","2026-05-11","O",41,74,18,71,0,13,25,203,11,943,0
"DEER MOUNTAIN","2026-05-11","O",41,64,15,70,0,18,34,310,1,1033,0
"GIRD POINT","2026-05-11","O",41,66,18,69,0,3,11,201,16,955,0
"LITTLE ROCK CREEK","2026-05-11","O",50,71,16,52,0,14,30,272,0,969,0
"SAWMILL CREEK","2026-05-11","O",48,70,20,49,0,6,17,310,13,928,0
"HARVEY GROUSE","2026-05-11","O",50,66,18,48,0,11,25,309,11,913,0
"YANKEE FLAT","2026-05-11","O",33,69,11,74,0,16,27,316,12,986,0
"HELLS HALF","2026-05-12","O",47,69,18,43,0,17,36,212,23,900,1
"PLAINS","2026-05-12","O",38,84,24,85,0,8,14,139,17,858,0
"HOT SPRINGS","2026-05-12","O",33,81,40,90,0,5,12,64,15,846,0
"RONAN","2026-05-12","O",36,78,30,90,0,7,13,346,14,864,0
"JETTE","2026-05-12","O",45,78,20,63,0,3,6,229,14,766,0
"PISTOL CREEK","2026-05-12","O",46,72,22,42,0,9,16,91,22,893,0
"NINE MILE","2026-05-12","O",38,82,21,82,0,7,11,141,12,860,0
"SEELEY LAKE","2026-05-12","O",28,82,14,94,0,4,11,156,12,874,0
"BLUE MTN","2026-05-12","O",39,84,16,77,0,2,7,203,11,867,0
"POINT 6","2026-05-12","O",42,62,19,44,0,26,33,118,23,906,1
"CLEARWATER","2026-05-12","O",31,83,15,92,0,8,13,12,22,918,0
"DEER MOUNTAIN","2026-05-12","O",48,72,19,32,0,8,15,146,11,1003,0
"GIRD POINT","2026-05-12","O",47,76,18,40,0,3,9,179,15,925,0
"LITTLE ROCK CREEK","2026-05-12","O",50,80,20,40,0,5,11,23,16,930,0
"SAWMILL CREEK","2026-05-12","O",48,80,14,40,0,4,11,263,16,893,0
"HARVEY GROUSE","2026-05-12","O",45,77,14,46,0,8,14,314,16,882,0
"YANKEE FLAT","2026-05-12","O",25,78,11,90,0,12,25,308,14,967,0
"HELLS HALF","2026-05-13","O",30,58,33,95,0.05,23,38,182,12,819,1
"PLAINS","2026-05-13","O",46,71,52,87,0.16,9,28,298,16,675,0
"HOT SPRINGS","2026-05-13","O",40,67,49,92,0,19,33,248,16,540,0
"RONAN","2026-05-13","O",45,64,56,93,0.26,17,30,259,16,299,0
"JETTE","2026-05-13","O",43,62,37,95,0.14,6,19,298,16,234,0
"PISTOL CREEK","2026-05-13","O",34,64,26,97,0.29,17,40,252,17,323,0
"NINE MILE","2026-05-13","O",47,66,50,87,0.18,11,35,243,16,540,0
"SEELEY LAKE","2026-05-13","O",42,74,30,83,0.06,11,34,297,17,412,0
"BLUE MTN","2026-05-13","O",46,66,44,88,0.11,5,27,144,23,380,0
"POINT 6","2026-05-13","O",27,57,27,98,0.2,36,54,271,16,435,1
"CLEARWATER","2026-05-13","O",46,74,32,65,0.07,15,35,260,18,651,0
"DEER MOUNTAIN","2026-05-13","O",34,64,29,91,0,25,57,293,17,750,0
"GIRD POINT","2026-05-13","O",33,65,29,84,0.03,4,17,162,13,628,0
"LITTLE ROCK CREEK","2026-05-13","O",38,70,27,90,0.11,20,45,124,1,816,0
"SAWMILL CREEK","2026-05-13","O",41,70,24,77,0.08,9,25,236,17,613,0
"HARVEY GROUSE","2026-05-13","O",40,67,29,77,0.05,18,41,318,17,842,0
"YANKEE FLAT","2026-05-13","O",41,78,17,72,0,26,41,300,18,835,0
"HELLS HALF","2026-05-14","O",29,50,34,97,0.03,10,23,250,22,906,1
"PLAINS","2026-05-14","O",49,59,44,68,0,11,24,297,13,829,0
"HOT SPRINGS","2026-05-14","O",47,59,37,71,0.06,18,31,174,2,584,0
"RONAN","2026-05-14","O",48,58,46,71,0,10,22,248,3,471,0
"JETTE","2026-05-14","O",44,55,54,76,0.01,4,12,251,1,420,0
"PISTOL CREEK","2026-05-14","O",33,48,53,94,0,13,36,269,0,744,0
"NINE MILE","2026-05-14","O",45,58,38,68,0,13,26,199,9,622,0
"SEELEY LAKE","2026-05-14","O",40,57,39,97,0.18,10,25,289,14,905,0
"BLUE MTN","2026-05-14","O",44,62,33,74,0,4,15,345,2,625,0
"POINT 6","2026-05-14","O",26,31,94,98,0,30,48,265,0,462,1
"CLEARWATER","2026-05-14","O",44,60,34,69,0,17,32,269,10,1021,0
"DEER MOUNTAIN","2026-05-14","O",31,52,39,96,0.03,14,30,270,20,1037,0
"GIRD POINT","2026-05-14","O",32,53,35,90,0,3,15,171,15,945,0
"LITTLE ROCK CREEK","2026-05-14","O",38,56,38,80,0,16,39,273,22,962,0
"SAWMILL CREEK","2026-05-14","O",40,54,37,72,0,9,24,311,12,841,0
"HARVEY GROUSE","2026-05-14","O",39,51,39,74,0,13,28,288,0,956,0
"YANKEE FLAT","2026-05-14","O",39,56,25,63,0,22,37,301,8,965,0
"HELLS HALF","2026-05-15","O",25,45,36,99,0.1,9,20,228,12,927,1
"PLAINS","2026-05-15","O",47,60,37,65,0.01,10,30,272,14,721,0
"HOT SPRINGS","2026-05-15","O",48,61,29,64,0,14,35,241,15,901,0
"RONAN","2026-05-15","O",45,61,33,88,0.01,7,24,210,15,884,0
"JETTE","2026-05-15","O",42,60,34,74,0,4,12,301,15,731,0
"PISTOL CREEK","2026-05-15","O",33,45,48,86,0,15,24,235,1,841,0
"NINE MILE","2026-05-15","O",41,59,33,92,0,12,28,195,14,776,0
"SEELEY LAKE","2026-05-15","O",41,57,32,91,0.01,9,19,268,13,922,0
"BLUE MTN","2026-05-15","O",41,61,32,80,0.02,4,13,157,11,653,0
"POINT 6","2026-05-15","O",25,32,81,97,0,26,40,263,0,947,1
"CLEARWATER","2026-05-15","O",40,59,30,90,0,17,27,235,12,874,0
"DEER MOUNTAIN","2026-05-15","O",30,49,38,87,0,15,28,275,20,917,0
"GIRD POINT","2026-05-15","O",32,50,36,79,0,2,11,173,12,809,0
"LITTLE ROCK CREEK","2026-05-15","O",39,55,33,88,0.02,14,31,279,20,700,0
"SAWMILL CREEK","2026-05-15","O",38,54,31,72,0,9,20,305,12,737,0
"HARVEY GROUSE","2026-05-15","O",38,52,31,69,0,10,22,304,10,629,0
"YANKEE FLAT","2026-05-15","O",38,52,28,64,0,16,27,282,3,886,0
"HELLS HALF","2026-05-16","O",19,30,90,94,0.13,7,24,10,16,347,1
"PLAINS","2026-05-16","O",41,52,42,80,0.09,10,26,302,13,672,0
"HOT SPRINGS","2026-05-16","O",37,51,52,85,0.13,13,25,221,17,747,0
"RONAN","2026-05-16","O",37,50,53,87,0.18,12,20,285,12,876,0
"JETTE","2026-05-16","O",36,49,63,84,0.1,3,12,174,12,722,0
"PISTOL CREEK","2026-05-16","O",27,37,69,95,0.29,9,25,342,15,553,0
"NINE MILE","2026-05-16","O",40,51,45,83,0.01,13,28,209,13,582,0
"SEELEY LAKE","2026-05-16","O",33,49,45,96,0.17,10,21,244,13,668,0
"BLUE MTN","2026-05-16","O",39,52,37,90,0.09,4,15,14,17,606,0
"POINT 6","2026-05-16","O",20,29,87,94,0.03,25,38,269,14,550,1
"CLEARWATER","2026-05-16","O",33,52,46,84,0.11,13,26,213,13,785,0
"DEER MOUNTAIN","2026-05-16","O",22,36,70,95,0.11,15,37,299,15,767,0
"GIRD POINT","2026-05-16","O",23,38,75,94,0.31,2,11,175,14,493,0
"LITTLE ROCK CREEK","2026-05-16","O",29,42,56,94,0.08,17,36,256,19,622,0
"SAWMILL CREEK","2026-05-16","O",32,43,51,91,0.05,6,23,284,12,453,0
"HARVEY GROUSE","2026-05-16","O",31,41,56,93,0.06,12,29,318,13,822,0
"YANKEE FLAT","2026-05-16","O",29,44,55,92,0.07,12,26,290,15,501,0
"HELLS HALF","2026-05-17","O",19,31,88,94,0.14,13,25,26,14,575,1
"PLAINS","2026-05-17","O",37,57,44,96,0.25,7,15,306,13,759,0
"HOT SPRINGS","2026-05-17","O",35,57,31,94,0.18,13,23,36,12,712,0
"RONAN","2026-05-17","O",32,52,52,95,0.13,14,25,12,17,797,0
"JETTE","2026-05-17","O",33,51,46,100,0.21,4,8,20,16,620,0
"PISTOL CREEK","2026-05-17","O",26,38,65,96,0.3,7,15,275,15,632,1
"NINE MILE","2026-05-17","O",33,51,42,91,0.05,6,21,285,14,682,0
"SEELEY LAKE","2026-05-17","O",32,47,47,98,0.02,14,25,308,15,655,0
"BLUE MTN","2026-05-17","O",33,54,42,91,0.02,3,15,347,16,770,0
"POINT 6","2026-05-17","O",20,28,89,95,0.13,19,32,337,12,629,1
"CLEARWATER","2026-05-17","O",31,49,44,89,0,11,22,297,18,447,0
"DEER MOUNTAIN","2026-05-17","O",22,36,66,96,0.04,14,33,299,15,823,1
"GIRD POINT","2026-05-17","O",23,38,67,93,0.16,2,11,236,14,512,1
"LITTLE ROCK CREEK","2026-05-17","O",28,41,61,93,0.13,11,20,255,13,611,1
"SAWMILL CREEK","2026-05-17","O",30,41,56,93,0.1,5,15,335,14,411,1
"HARVEY GROUSE","2026-05-17","O",29,39,55,88,0.06,9,19,287,10,734,0
"YANKEE FLAT","2026-05-17","O",26,36,66,93,0.18,7,14,83,17,594,1
"HELLS HALF","2026-05-18","O",21,34,72,93,0.15,6,15,16,10,900,1
"PLAINS","2026-05-18","O",28,63,29,96,0,13,23,319,20,935,0
"HOT SPRINGS","2026-05-18","O",27,62,32,94,0,13,19,344,15,950,0
"RONAN","2026-05-18","O",27,62,29,95,0,9,24,6,20,963,0
"JETTE","2026-05-18","O",32,59,36,100,0.08,4,10,229,12,886,0
"PISTOL CREEK","2026-05-18","O",26,49,36,90,0,6,13,303,12,817,1
"NINE MILE","2026-05-18","O",27,59,28,95,0,6,16,352,16,899,0
"SEELEY LAKE","2026-05-18","O",24,57,27,95,0,5,15,195,17,701,0
"BLUE MTN","2026-05-18","O",28,61,24,99,0.01,3,10,107,13,956,0
"POINT 6","2026-05-18","O",20,35,70,93,0,16,20,311,13,986,1
"CLEARWATER","2026-05-18","O",23,58,26,94,0,7,17,221,13,835,0
"DEER MOUNTAIN","2026-05-18","O",24,46,32,92,0,9,17,329,3,575,1
"GIRD POINT","2026-05-18","O",22,45,43,84,0.05,3,8,168,14,501,1
"LITTLE ROCK CREEK","2026-05-18","O",31,53,30,77,0.01,12,20,279,18,964,1
"SAWMILL CREEK","2026-05-18","O",29,53,27,75,0.06,5,12,275,16,561,1
"HARVEY GROUSE","2026-05-18","O",30,53,30,69,0.01,8,14,308,20,892,1
"YANKEE FLAT","2026-05-18","O",25,50,29,94,0.02,7,15,264,18,542,1
"HELLS HALF","2026-05-19","O",26,41,55,81,0,8,16,7,15,692,1
"PLAINS","2026-05-19","O",36,66,39,99,0.1,9,23,178,16,737,0
"HOT SPRINGS","2026-05-19","O",34,65,33,97,0.01,17,35,240,14,801,0
"RONAN","2026-05-19","O",34,61,42,97,0.02,16,23,167,15,724,0
"JETTE","2026-05-19","O",36,62,47,100,0.27,5,10,252,13,782,0
"PISTOL CREEK","2026-05-19","O",34,48,64,89,0.06,8,17,229,13,506,1
"NINE MILE","2026-05-19","O",31,59,49,97,0.1,8,17,87,16,658,0
"SEELEY LAKE","2026-05-19","O",26,55,49,98,0.04,6,19,203,14,573,0
"BLUE MTN","2026-05-19","O",32,58,45,92,0.13,3,12,191,13,730,0
"POINT 6","2026-05-19","O",26,35,81,97,0.01,19,39,299,22,539,1
"CLEARWATER","2026-05-19","O",27,55,48,95,0.06,9,21,236,15,528,0
"DEER MOUNTAIN","2026-05-19","O",30,48,44,73,0,9,23,299,13,761,1
"GIRD POINT","2026-05-19","O",30,47,48,80,0,2,9,195,11,689,1
"LITTLE ROCK CREEK","2026-05-19","O",38,56,39,58,0,12,22,265,16,699,0
"SAWMILL CREEK","2026-05-19","O",38,54,40,66,0,6,19,127,23,712,0
"HARVEY GROUSE","2026-05-19","O",37,50,46,75,0.02,10,22,239,12,737,1
"YANKEE FLAT","2026-05-19","O",20,51,39,93,0,11,24,302,14,758,1
"HELLS HALF","2026-05-20","O",28,44,55,97,0,22,37,9,21,543,1
"PLAINS","2026-05-20","O",42,66,32,97,0.36,11,22,352,15,870,0
"HOT SPRINGS","2026-05-20","O",40,69,43,95,0.18,18,40,298,14,956,0
"RONAN","2026-05-20","O",41,64,43,99,0.26,17,32,1,19,993,0
"JETTE","2026-05-20","O",38,60,54,100,0.27,5,11,274,12,726,0
"PISTOL CREEK","2026-05-20","O",33,51,57,99,0.25,8,20,333,18,835,1
"NINE MILE","2026-05-20","O",36,59,52,100,0.23,10,22,210,14,567,0
"SEELEY LAKE","2026-05-20","O",36,56,45,99,0.46,8,16,327,16,517,0
"BLUE MTN","2026-05-20","O",36,54,74,100,0.4,2,10,1,20,375,0
"POINT 6","2026-05-20","O",27,35,80,98,0.09,26,40,352,18,382,1
"CLEARWATER","2026-05-20","O",35,54,61,98,0.34,9,19,199,16,452,0
"DEER MOUNTAIN","2026-05-20","O",30,48,53,100,0.02,15,29,315,20,500,0
"GIRD POINT","2026-05-20","O",32,49,53,98,0.11,3,14,201,19,599,0
"LITTLE ROCK CREEK","2026-05-20","O",35,57,44,100,0.07,16,29,275,18,617,0
"SAWMILL CREEK","2026-05-20","O",36,56,41,99,0.23,6,23,317,17,684,0
"HARVEY GROUSE","2026-05-20","O",35,49,56,95,0.38,10,24,310,15,436,0
"YANKEE FLAT","2026-05-20","O",31,53,39,95,0.21,14,25,307,16,540,0
"HELLS HALF","2026-05-21","O",26,41,50,97,0.17,11,15,55,1,932,0
"PLAINS","2026-05-21","O",34,70,26,100,0,4,9,324,15,953,0
"HOT SPRINGS","2026-05-21","O",31,64,38,99,0.01,7,14,97,14,915,0
"RONAN","2026-05-21","O",37,64,32,100,0,4,11,245,16,984,0
"JETTE","2026-05-21","O",35,61,39,100,0,3,8,243,9,785,0
"PISTOL CREEK","2026-05-21","O",32,53,41,99,0.06,5,13,312,16,790,0
"NINE MILE","2026-05-21","O",34,62,34,100,0,5,12,219,10,922,0
"SEELEY LAKE","2026-05-21","O",33,58,37,99,0,6,14,322,17,658,0
"BLUE MTN","2026-05-21","O",38,64,30,100,0.01,2,9,70,12,972,0
"POINT 6","2026-05-21","O",25,39,58,97,0.01,15,24,323,16,776,0
"CLEARWATER","2026-05-21","O",35,59,38,98,0,5,14,222,17,789,0
"DEER MOUNTAIN","2026-05-21","O",29,47,43,100,0.12,13,26,18,1,881,0
"GIRD POINT","2026-05-21","O",29,50,44,98,0.1,2,11,202,17,764,0
"LITTLE ROCK CREEK","2026-05-21","O",34,56,37,100,0.04,7,16,320,0,1053,0
"SAWMILL CREEK","2026-05-21","O",35,57,31,100,0.01,5,13,259,17,605,0
"HARVEY GROUSE","2026-05-21","O",34,53,40,96,0.02,6,15,300,18,644,0
"YANKEE FLAT","2026-05-21","O",28,52,35,95,0.28,8,16,304,14,890,0
"HELLS HALF","2026-05-22","O",35,52,36,57,0,8,14,354,11,885,1
"PLAINS","2026-05-22","O",39,73,27,96,0,4,12,167,13,886,0
"HOT SPRINGS","2026-05-22","O",34,71,47,98,0,6,14,198,13,856,0
"RONAN","2026-05-22","O",36,70,31,96,0,8,15,23,23,846,0
"JETTE","2026-05-22","O",42,69,37,80,0,3,9,228,12,804,0
"PISTOL CREEK","2026-05-22","O",40,58,36,62,0,7,16,253,13,863,0
"NINE MILE","2026-05-22","O",34,67,31,97,0,5,10,328,22,882,0
"SEELEY LAKE","2026-05-22","O",27,65,31,98,0,5,12,177,13,921,0
"BLUE MTN","2026-05-22","O",34,71,30,97,0,3,7,76,12,919,0
"POINT 6","2026-05-22","O",33,45,48,67,0,15,18,301,14,827,1
"CLEARWATER","2026-05-22","O",28,66,28,96,0,7,13,34,8,836,0
"DEER MOUNTAIN","2026-05-22","O",36,59,34,63,0,10,19,7,10,863,0
"GIRD POINT","2026-05-22","O",37,60,32,64,0,3,9,21,13,929,0
"LITTLE ROCK CREEK","2026-05-22","O",41,65,30,60,0,7,15,298,16,882,0
"SAWMILL CREEK","2026-05-22","O",41,65,27,57,0,6,15,293,13,1051,0
"HARVEY GROUSE","2026-05-22","O",36,59,34,75,0,8,17,0,13,844,0
"YANKEE FLAT","2026-05-22","O",24,59,30,95,0,8,17,288,16,607,0
"HELLS HALF","2026-05-23","O",41,58,28,59,0,11,20,215,11,876,1
"PLAINS","2026-05-23","O",39,81,20,97,0,7,13,319,16,931,0
"HOT SPRINGS","2026-05-23","O",36,78,48,98,0,11,19,212,14,907,0
"RONAN","2026-05-23","O",38,77,26,97,0,7,12,211,14,938,0
"JETTE","2026-05-23","O",44,76,28,94,0,3,9,63,13,859,0
"PISTOL CREEK","2026-05-23","O",44,66,30,61,0,9,18,266,22,953,0
"NINE MILE","2026-05-23","O",37,78,18,96,0,11,25,202,16,920,0
"SEELEY LAKE","2026-05-23","O",29,73,21,98,0,8,19,352,16,859,0
"BLUE MTN","2026-05-23","O",38,76,25,96,0,2,8,82,14,965,0
"POINT 6","2026-05-23","O",38,53,30,66,0,20,35,281,14,959,1
"CLEARWATER","2026-05-23","O",31,75,23,97,0,10,23,268,14,948,0
"DEER MOUNTAIN","2026-05-23","O",42,64,28,57,0,15,26,295,19,959,0
"GIRD POINT","2026-05-23","O",42,66,26,59,0,2,9,200,16,926,0
"LITTLE ROCK CREEK","2026-05-23","O",46,71,23,55,0,13,23,277,14,983,0
"SAWMILL CREEK","2026-05-23","O",46,70,19,55,0,7,19,310,15,909,0
"HARVEY GROUSE","2026-05-23","O",42,67,26,67,0,8,20,330,12,871,0
"YANKEE FLAT","2026-05-23","O",25,67,21,95,0,15,26,317,16,902,0
"HELLS HALF","2026-05-24","O",44,63,20,62,0,11,17,252,16,867,1
"PLAINS","2026-05-24","O",43,80,17,90,0,12,22,306,14,875,0
"HOT SPRINGS","2026-05-24","O",40,80,40,92,0,16,29,297,17,920,0
"RONAN","2026-05-24","O",44,78,22,89,0,8,22,166,14,921,0
"JETTE","2026-05-24","O",51,80,20,63,0,4,12,201,12,876,0
"PISTOL CREEK","2026-05-24","O",49,67,24,50,0,12,23,244,16,950,0
"NINE MILE","2026-05-24","O",43,78,18,83,0,13,27,204,14,909,0
"SEELEY LAKE","2026-05-24","O",35,75,17,95,0,7,20,330,15,810,0
"BLUE MTN","2026-05-24","O",45,81,20,81,0,3,10,122,10,903,0
"POINT 6","2026-05-24","O",41,53,32,66,0,22,38,284,13,840,1
"CLEARWATER","2026-05-24","O",36,76,22,94,0,12,24,207,16,887,0
"DEER MOUNTAIN","2026-05-24","O",46,67,21,54,0,10,24,298,15,984,0
"GIRD POINT","2026-05-24","O",46,69,21,64,0,2,9,181,10,890,0
"LITTLE ROCK CREEK","2026-05-24","O",54,74,19,47,0,10,23,295,14,977,0
"SAWMILL CREEK","2026-05-24","O",53,73,18,46,0,7,17,288,13,893,0
"HARVEY GROUSE","2026-05-24","O",53,73,19,41,0,10,23,291,12,920,0
"YANKEE FLAT","2026-05-24","O",30,72,13,93,0,16,30,281,15,1021,0
"HELLS HALF","2026-05-25","O",49,67,26,66,0.01,23,44,193,15,850,1
"PLAINS","2026-05-25","O",40,90,18,90,0.02,8,35,171,18,947,0
"HOT SPRINGS","2026-05-25","O",35,86,49,93,0.03,9,39,186,18,913,0
"RONAN","2026-05-25","O",40,80,32,88,0,9,29,183,18,929,0
"JETTE","2026-05-25","O",50,85,18,58,0,3,10,233,18,861,0
"PISTOL CREEK","2026-05-25","O",52,77,23,55,0,10,22,256,17,910,0
"NINE MILE","2026-05-25","O",39,84,21,81,0,6,26,108,16,920,0
"SEELEY LAKE","2026-05-25","O",31,82,17,95,0.05,7,28,126,18,960,0
"BLUE MTN","2026-05-25","O",41,89,19,82,0,3,20,173,17,861,0
"POINT 6","2026-05-25","O",46,62,28,60,0,25,40,206,15,951,1
"CLEARWATER","2026-05-25","O",34,84,17,91,0.25,9,41,202,17,972,0
"DEER MOUNTAIN","2026-05-25","O",50,70,25,54,0.01,17,47,184,16,872,0
"GIRD POINT","2026-05-25","O",51,73,23,50,0,5,18,169,10,953,0
"LITTLE ROCK CREEK","2026-05-25","O",53,79,17,44,0,13,41,262,15,798,0
"SAWMILL CREEK","2026-05-25","O",52,80,18,42,0,11,28,223,15,905,0
"HARVEY GROUSE","2026-05-25","O",48,76,23,65,0.01,12,40,253,17,807,0
"YANKEE FLAT","2026-05-25","O",27,77,17,93,0,9,24,165,16,972,0
"HELLS HALF","2026-05-26","O",42,51,50,100,0.42,16,34,177,0,628,0
"PLAINS","2026-05-26","O",55,72,46,100,0.33,6,16,336,16,644,0
"HOT SPRINGS","2026-05-26","O",51,72,57,97,0.19,18,28,181,15,573,0
"RONAN","2026-05-26","O",53,74,46,100,0.14,8,21,352,18,660,0
"JETTE","2026-05-26","O",55,73,46,100,0.22,3,7,253,12,494,0
"PISTOL CREEK","2026-05-26","O",49,64,49,100,0.2,9,19,113,0,598,0
"NINE MILE","2026-05-26","O",50,70,46,100,0.34,7,13,286,0,488,0
"SEELEY LAKE","2026-05-26","O",46,74,38,98,0.18,8,32,181,17,444,0
"BLUE MTN","2026-05-26","O",52,73,47,100,0.22,2,8,333,13,586,0
"POINT 6","2026-05-26","O",44,56,47,98,0.37,22,34,77,13,653,1
"CLEARWATER","2026-05-26","O",48,70,54,98,0.15,9,31,187,16,450,0
"DEER MOUNTAIN","2026-05-26","O",46,61,45,100,0.09,12,23,155,13,489,0
"GIRD POINT","2026-05-26","O",47,61,47,100,0.17,3,14,54,0,517,0
"LITTLE ROCK CREEK","2026-05-26","O",51,65,43,100,0.15,8,19,271,4,571,0
"SAWMILL CREEK","2026-05-26","O",51,64,39,100,0.09,3,11,109,0,520,0
"HARVEY GROUSE","2026-05-26","O",51,67,43,99,0.26,13,30,204,16,427,0
"YANKEE FLAT","2026-05-26","O",42,67,35,95,0.06,9,20,133,2,488,0
"HELLS HALF","2026-05-27","O",42,61,40,100,0.01,21,27,44,23,867,0
"PLAINS","2026-05-27","O",56,83,46,100,0.01,4,8,274,14,899,0
"HOT SPRINGS","2026-05-27","O",55,83,43,99,0.02,9,15,153,2,877,0
"RONAN","2026-05-27","O",57,78,52,100,0.02,13,24,177,22,893,0
"JETTE","2026-05-27","O",55,75,57,100,0,3,6,233,14,797,0
"PISTOL CREEK","2026-05-27","O",48,69,64,100,0.07,10,20,101,22,911,0
"NINE MILE","2026-05-27","O",53,83,44,100,0,10,22,109,20,883,0
"SEELEY LAKE","2026-05-27","O",54,81,34,98,0.14,8,23,335,19,947,0
"BLUE MTN","2026-05-27","O",55,82,44,100,0,3,11,3,18,906,0
"POINT 6","2026-05-27","O",44,63,37,93,0.23,24,44,89,20,932,1
"CLEARWATER","2026-05-27","O",54,83,31,98,0.24,7,23,287,21,939,0
"DEER MOUNTAIN","2026-05-27","O",45,67,47,100,0.02,12,20,65,19,1000,0
"GIRD POINT","2026-05-27","O",45,70,52,100,0.11,5,14,48,18,1014,0
"LITTLE ROCK CREEK","2026-05-27","O",50,75,49,100,0.08,8,16,346,18,944,0
"SAWMILL CREEK","2026-05-27","O",51,75,45,100,0.08,6,26,136,18,926,0
"HARVEY GROUSE","2026-05-27","O",50,75,34,98,0.16,11,21,304,21,897,0
"YANKEE FLAT","2026-05-27","O",40,75,34,95,0.01,8,18,103,13,981,0
"HELLS HALF","2026-05-28","O",48,67,17,80,0.02,22,37,46,1,905,0
"PLAINS","2026-05-28","O",53,92,28,100,0,9,22,111,19,917,0
"HOT SPRINGS","2026-05-28","O",51,89,33,97,0,15,19,212,19,900,0
"RONAN","2026-05-28","O",51,84,30,95,0.01,10,25,92,21,907,0
"JETTE","2026-05-28","O",55,86,31,86,0,5,11,181,21,852,0
"PISTOL CREEK","2026-05-28","O",53,77,31,73,0.01,11,25,125,18,915,0
"NINE MILE","2026-05-28","O",52,86,33,93,0,9,20,91,18,889,0
"SEELEY LAKE","2026-05-28","O",44,87,24,99,0.25,7,32,176,20,950,0
"BLUE MTN","2026-05-28","O",50,87,36,100,0.29,3,11,318,17,913,0
"POINT 6","2026-05-28","O",51,68,37,75,0,24,36,104,20,934,1
"CLEARWATER","2026-05-28","O",49,85,33,99,0.04,11,23,337,19,941,0
"DEER MOUNTAIN","2026-05-28","O",52,77,26,67,0,17,37,187,16,1043,0
"GIRD POINT","2026-05-28","O",52,76,32,71,0,3,9,36,3,1009,0
"LITTLE ROCK CREEK","2026-05-28","O",55,79,34,71,0,9,20,276,23,938,0
"SAWMILL CREEK","2026-05-28","O",54,83,31,71,0,6,24,66,20,883,0
"HARVEY GROUSE","2026-05-28","O",53,81,27,78,0.22,12,23,302,19,911,0
"YANKEE FLAT","2026-05-28","O",38,81,16,95,0,8,22,74,13,988,0
"HELLS HALF","2026-05-29","O",41,57,47,100,0,18,26,21,15,647,0
"PLAINS","2026-05-29","O",53,82,37,100,0.19,4,15,169,0,778,0
"HOT SPRINGS","2026-05-29","O",53,84,32,92,0.04,14,30,258,16,901,0
"RONAN","2026-05-29","O",52,80,37,97,0.2,14,30,148,16,906,0
"JETTE","2026-05-29","O",54,80,39,97,0.06,3,12,158,16,743,0
"PISTOL CREEK","2026-05-29","O",46,70,52,97,0.2,18,34,301,15,883,0
"NINE MILE","2026-05-29","O",52,81,37,98,0.13,6,15,211,14,863,0
"SEELEY LAKE","2026-05-29","O",46,77,30,99,0.02,4,19,292,14,761,0
"BLUE MTN","2026-05-29","O",52,80,40,100,0.26,2,10,304,14,929,0
"POINT 6","2026-05-29","O",42,59,47,98,0.17,24,33,302,17,758,1
"CLEARWATER","2026-05-29","O",47,77,36,98,0.02,10,24,283,14,718,0
"DEER MOUNTAIN","2026-05-29","O",46,62,47,85,0.01,14,31,292,0,771,0
"GIRD POINT","2026-05-29","O",48,71,47,79,0.01,2,11,218,11,976,0
"LITTLE ROCK CREEK","2026-05-29","O",53,69,48,76,0.4,18,34,264,14,594,0
"SAWMILL CREEK","2026-05-29","O",52,71,47,78,0.25,5,22,188,15,562,0
"HARVEY GROUSE","2026-05-29","O",53,70,45,79,0.04,17,31,270,17,849,0
"YANKEE FLAT","2026-05-29","O",38,73,26,95,0.12,14,23,290,15,936,0
"HELLS HALF","2026-05-30","O",32,41,100,100,0.72,15,20,9,7,136,0
"PLAINS","2026-05-30","O",50,61,66,100,0.33,4,11,279,18,258,0
"HOT SPRINGS","2026-05-30","O",47,66,58,99,0.2,9,14,247,12,310,0
"RONAN","2026-05-30","O",49,63,72,100,0.16,4,10,270,13,377,0
"JETTE","2026-05-30","O",47,61,73,100,0.4,2,6,173,14,203,0
"PISTOL CREEK","2026-05-30","O",38,47,89,100,1.25,8,17,287,23,117,0
"NINE MILE","2026-05-30","O",47,58,78,100,0.54,4,8,240,14,192,0
"SEELEY LAKE","2026-05-30","O",44,57,78,99,0.64,4,8,227,16,139,0
"BLUE MTN","2026-05-30","O",49,59,81,100,0.61,0,5,11,12,234,0
"POINT 6","2026-05-30","O",34,43,75,100,0.76,23,33,316,18,231,1
"CLEARWATER","2026-05-30","O",47,59,76,97,0.92,6,14,169,19,222,0
"DEER MOUNTAIN","2026-05-30","O",34,45,90,100,0.67,16,27,336,0,82,0
"GIRD POINT","2026-05-30","O",36,48,78,100,0.94,1,9,188,16,66,0
"LITTLE ROCK CREEK","2026-05-30","O",40,52,73,96,0.28,14,28,273,15,161,0
"SAWMILL CREEK","2026-05-30","O",41,52,72,100,0.96,4,10,328,12,152,0
"HARVEY GROUSE","2026-05-30","O",42,51,80,97,0.97,14,26,304,17,257,0
"YANKEE FLAT","2026-05-30","O",40,50,89,95,0.95,8,15,291,18,132,0
"HELLS HALF","2026-05-31","O",29,38,88,100,0.12,8,14,10,17,351,1
"PLAINS","2026-05-31","O",49,62,56,100,0.21,4,7,125,6,383,0
"HOT SPRINGS","2026-05-31","O",48,57,80,96,0.47,10,14,182,10,302,0
"RONAN","2026-05-31","O",47,53,84,100,0.25,8,11,147,11,253,0
"JETTE","2026-05-31","O",45,50,98,100,1.28,2,6,194,10,118,0
"PISTOL CREEK","2026-05-31","O",36,41,99,100,1.08,10,21,277,6,183,0
"NINE MILE","2026-05-31","O",46,53,83,100,0.44,6,9,128,16,319,0
"SEELEY LAKE","2026-05-31","O",45,50,81,99,0.36,4,10,252,12,240,0
"BLUE MTN","2026-05-31","O",46,52,90,100,0.6,1,4,124,12,246,0
"POINT 6","2026-05-31","O",30,35,96,100,0.52,23,33,287,15,264,1
"CLEARWATER","2026-05-31","O",45,52,79,95,0.22,8,16,193,10,218,0
"DEER MOUNTAIN","2026-05-31","O",32,38,0,100,0.31,11,24,299,8,287,0
"GIRD POINT","2026-05-31","O",33,39,99,100,0.53,1,7,206,0,127,0
"LITTLE ROCK CREEK","2026-05-31","O",39,48,72,94,0.09,14,25,271,0,291,0
"SAWMILL CREEK","2026-05-31","O",39,46,77,100,0.33,4,10,208,12,223,0
"HARVEY GROUSE","2026-05-31","O",40,45,85,95,0.26,13,23,251,4,306,0
"YANKEE FLAT","2026-05-31","O",37,43,88,92,0.32,11,19,298,14,229,0
"HELLS HALF","2026-06-01","O",32,46,57,94,0,10,18,23,14,492,1
"PLAINS","2026-06-01","O",50,62,57,100,0.32,5,8,325,13,511,0
"HOT SPRINGS","2026-06-01","O",50,58,71,99,0.42,9,14,83,17,483,0
"RONAN","2026-06-01","O",48,54,82,100,0.49,8,14,4,18,317,0
"JETTE","2026-06-01","O",44,51,95,100,0.97,2,5,239,11,220,0
"PISTOL CREEK","2026-06-01","O",37,42,98,100,0.78,8,18,258,0,255,0
"NINE MILE","2026-06-01","O",46,58,74,100,0.1,4,12,210,13,431,0
"SEELEY LAKE","2026-06-01","O",43,53,75,99,0.39,4,8,232,16,388,0
"BLUE MTN","2026-06-01","O",47,61,69,100,0.05,2,9,334,15,445,0
"POINT 6","2026-06-01","O",32,35,95,100,0.16,24,35,321,16,162,1
"CLEARWATER","2026-06-01","O",45,53,75,99,0.3,10,17,282,15,327,0
"DEER MOUNTAIN","2026-06-01","O",36,55,44,98,0,11,21,292,17,736,0
"GIRD POINT","2026-06-01","O",36,53,52,100,0,3,9,203,17,493,0
"LITTLE ROCK CREEK","2026-06-01","O",44,59,38,92,0,15,25,271,17,639,0
"SAWMILL CREEK","2026-06-01","O",43,56,55,81,0,5,14,186,14,503,0
"HARVEY GROUSE","2026-06-01","O",42,52,64,95,0.03,10,24,320,17,508,0
"YANKEE FLAT","2026-06-01","O",39,55,47,94,0,13,22,293,15,605,0
"HELLS HALF","2026-06-02","O",37,55,38,74,0,11,19,224,11,881,1
"PLAINS","2026-06-02","O",47,70,46,100,0,5,10,194,14,900,0
"HOT SPRINGS","2026-06-02","O",49,66,55,97,0.01,6,13,34,15,783,0
"RONAN","2026-06-02","O",47,67,50,100,0.23,8,14,345,16,812,0
"JETTE","2026-06-02","O",44,60,61,100,0.06,2,5,139,12,414,0
"PISTOL CREEK","2026-06-02","O",36,51,78,100,0,4,8,312,14,423,0
"NINE MILE","2026-06-02","O",43,66,48,100,0,5,10,324,23,750,0
"SEELEY LAKE","2026-06-02","O",42,61,52,99,0,4,12,5,16,438,0
"BLUE MTN","2026-06-02","O",43,69,40,100,0,2,8,319,13,647,0
"POINT 6","2026-06-02","O",32,42,76,95,0,15,22,291,15,771,1
"CLEARWATER","2026-06-02","O",43,61,55,96,0,5,9,331,16,511,0
"DEER MOUNTAIN","2026-06-02","O",36,59,50,100,0,11,19,295,17,984,0
"GIRD POINT","2026-06-02","O",36,57,47,100,0,2,7,217,11,752,0
"LITTLE ROCK CREEK","2026-06-02","O",41,64,48,99,0,6,16,320,14,889,0
"SAWMILL CREEK","2026-06-02","O",41,62,46,94,0,3,11,211,13,759,0
"HARVEY GROUSE","2026-06-02","O",40,57,52,94,0,11,18,310,14,438,0
"YANKEE FLAT","2026-06-02","O",34,60,40,95,0,8,16,291,9,826,0
"HELLS HALF","2026-06-03","F",42,63,27,59,0.07,9,19,77,11,924,0
"PLAINS","2026-06-03","F",44,79,35,96,0.06,2,7,83,17,930,0
"HOT SPRINGS","2026-06-03","F",41,76,50,97,0.06,5,9,76,16,938,0
"RONAN","2026-06-03","F",43,73,38,93,0,3,8,53,15,950,0
"JETTE","2026-06-03","F",46,73,42,80,0,3,8,39,14,939,0
"PISTOL CREEK","2026-06-03","F",41,67,43,80,0.06,7,13,57,15,957,0
"NINE MILE","2026-06-03","F",42,77,34,100,0.06,3,10,79,15,940,0
"SEELEY LAKE","2026-06-03","F",37,75,28,100,0.06,3,10,57,16,933,0
"BLUE MTN","2026-06-03","F",42,76,37,90,0.06,2,9,41,13,944,0
"POINT 6","2026-06-03","F",36,55,48,79,0.06,14,24,93,17,968,1
"CLEARWATER","2026-06-03","F",37,75,30,100,0.06,6,11,65,16,961,0
"DEER MOUNTAIN","2026-06-03","F",42,65,31,65,0.06,8,21,86,17,941,0
"GIRD POINT","2026-06-03","F",42,68,30,68,0.06,2,8,84,16,958,0
"LITTLE ROCK CREEK","2026-06-03","F",48,74,26,58,0.06,7,17,72,14,937,0
"SAWMILL CREEK","2026-06-03","F",44,70,31,65,0.06,7,17,90,17,973,0
"HARVEY GROUSE","2026-06-03","F",42,70,30,79,0.06,7,14,76,16,962,0
"YANKEE FLAT","2026-06-03","F",34,71,23,89,0,8,16,46,13,992,0
"HELLS HALF","2026-06-04","F",46,56,38,68,0.05,13,25,19,16,889,0
"PLAINS","2026-06-04","F",51,73,35,90,0.06,6,15,37,14,856,0
"HOT SPRINGS","2026-06-04","F",47,72,42,90,0.06,13,19,31,15,887,0
"RONAN","2026-06-04","F",50,69,42,83,0.18,8,15,51,14,703,0
"JETTE","2026-06-04","F",53,70,43,80,0.18,8,17,51,13,692,0
"PISTOL CREEK","2026-06-04","F",49,60,53,74,0.24,8,14,59,14,791,0
"NINE MILE","2026-06-04","F",48,70,37,93,0.12,7,16,32,16,874,0
"SEELEY LAKE","2026-06-04","F",43,68,37,100,0.18,6,16,31,16,892,0
"BLUE MTN","2026-06-04","F",48,70,37,90,0.18,8,19,27,16,912,0
"POINT 6","2026-06-04","F",43,49,55,82,0.24,25,36,28,17,789,0
"CLEARWATER","2026-06-04","F",43,68,37,100,0.12,10,18,35,15,825,0
"DEER MOUNTAIN","2026-06-04","F",47,58,43,71,0.12,11,25,12,17,810,0
"GIRD POINT","2026-06-04","F",46,61,43,79,0.18,3,13,15,17,772,0
"LITTLE ROCK CREEK","2026-06-04","F",54,66,35,64,0.12,9,23,8,17,932,0
"SAWMILL CREEK","2026-06-04","F",51,62,39,68,0.18,8,21,16,17,781,0
"HARVEY GROUSE","2026-06-04","F",49,63,42,77,0.12,11,21,18,17,836,0
"YANKEE FLAT","2026-06-04","F",38,65,35,100,0.12,11,21,21,17,907,0
"HELLS HALF","2026-06-05","F",43,67,21,60,0,21,38,6,16,974,0
"PLAINS","2026-06-05","F",44,79,24,85,0,8,19,23,15,887,0
"HOT SPRINGS","2026-06-05","F",41,77,32,85,0,15,24,24,17,870,0
"RONAN","2026-06-05","F",45,74,31,76,0,8,16,16,16,875,0
"JETTE","2026-06-05","F",47,74,33,68,0,8,19,21,16,853,0
"PISTOL CREEK","2026-06-05","F",44,67,34,65,0,10,21,14,14,923,0
"NINE MILE","2026-06-05","F",41,78,25,85,0,8,19,15,15,939,0
"SEELEY LAKE","2026-06-05","F",37,76,24,93,0,6,17,11,16,947,0
"BLUE MTN","2026-06-05","F",42,77,27,76,0,7,19,18,17,946,0
"POINT 6","2026-06-05","F",39,56,38,64,0,17,39,18,17,943,0
"CLEARWATER","2026-06-05","F",38,77,25,89,0,9,17,10,14,952,0
"DEER MOUNTAIN","2026-06-05","F",43,68,30,60,0,15,32,10,17,965,0
"GIRD POINT","2026-06-05","F",43,70,30,60,0,5,15,10,17,966,0
"LITTLE ROCK CREEK","2026-06-05","F",48,77,24,56,0,11,29,8,14,966,0
"SAWMILL CREEK","2026-06-05","F",46,71,28,54,0,10,23,13,17,961,0
"HARVEY GROUSE","2026-06-05","F",43,71,27,67,0,9,21,14,17,957,0
"YANKEE FLAT","2026-06-05","F",35,75,20,78,0,15,25,14,14,977,0
"HELLS HALF","2026-06-06","F",41,57,37,60,0,19,34,48,16,690,0
"PLAINS","2026-06-06","F",47,66,33,70,0,8,19,49,16,793,0
"HOT SPRINGS","2026-06-06","F",45,66,39,70,0,16,25,44,17,850,0
"RONAN","2026-06-06","F",48,65,36,65,0,11,19,54,17,845,0
"JETTE","2026-06-06","F",50,64,37,58,0,10,21,45,17,795,0
"PISTOL CREEK","2026-06-06","F",45,55,49,58,0,11,21,63,17,928,0
"NINE MILE","2026-06-06","F",44,67,33,82,0,8,18,57,17,882,0
"SEELEY LAKE","2026-06-06","F",40,67,32,85,0,7,18,51,17,859,0
"BLUE MTN","2026-06-06","F",46,66,36,73,0,11,26,59,17,898,0
"POINT 6","2026-06-06","F",39,46,51,59,0,18,45,61,17,889,0
"CLEARWATER","2026-06-06","F",42,67,34,79,0,11,19,45,16,801,0
"DEER MOUNTAIN","2026-06-06","F",46,57,43,58,0,16,33,50,17,778,0
"GIRD POINT","2026-06-06","F",44,59,42,62,0,6,16,56,17,813,0
"LITTLE ROCK CREEK","2026-06-06","F",52,64,37,54,0,14,30,47,17,800,0
"SAWMILL CREEK","2026-06-06","F",48,61,38,55,0,14,26,58,17,772,0
"HARVEY GROUSE","2026-06-06","F",47,60,39,62,0,9,24,54,17,660,0
"YANKEE FLAT","2026-06-06","F",39,69,30,75,0,16,25,50,15,749,0
"HELLS HALF","2026-06-07","F",38,53,30,61,0,13,23,40,16,993,0
"PLAINS","2026-06-07","F",41,68,28,79,0,3,11,19,11,957,0
"HOT SPRINGS","2026-06-07","F",39,66,36,75,0,9,15,31,15,961,0
"RONAN","2026-06-07","F",43,62,35,70,0,6,11,30,13,862,0
"JETTE","2026-06-07","F",45,61,38,60,0,7,15,26,10,958,0
"PISTOL CREEK","2026-06-07","F",41,52,46,64,0,8,15,35,15,948,0
"NINE MILE","2026-06-07","F",40,65,29,82,0,5,11,30,13,972,0
"SEELEY LAKE","2026-06-07","F",36,63,28,88,0,3,13,35,16,975,0
"BLUE MTN","2026-06-07","F",42,65,29,73,0,5,14,34,16,972,0
"POINT 6","2026-06-07","F",36,42,51,63,0,13,32,36,14,974,0
"CLEARWATER","2026-06-07","F",39,63,30,78,0,9,16,55,0,971,0
"DEER MOUNTAIN","2026-06-07","F",40,53,35,61,0,11,24,35,17,978,0
"GIRD POINT","2026-06-07","F",39,53,35,64,0,2,9,36,16,984,0
"LITTLE ROCK CREEK","2026-06-07","F",46,61,30,55,0,8,19,33,16,981,0
"SAWMILL CREEK","2026-06-07","F",43,57,32,57,0,8,17,34,16,982,0
"HARVEY GROUSE","2026-06-07","F",42,57,32,64,0,7,17,33,11,973,0
"YANKEE FLAT","2026-06-07","F",35,60,30,81,0,10,18,50,11,974,0
"HELLS HALF","2026-06-08","F",40,64,22,51,0,11,22,64,16,786,0
"PLAINS","2026-06-08","F",41,79,25,79,0,2,8,57,17,754,0
"HOT SPRINGS","2026-06-08","F",39,76,36,79,0,6,9,47,16,753,0
"RONAN","2026-06-08","F",42,73,33,73,0,3,8,41,16,800,0
"JETTE","2026-06-08","F",45,72,35,68,0,2,8,38,15,846,0
"PISTOL CREEK","2026-06-08","F",40,65,38,62,0,6,11,39,13,718,0
"NINE MILE","2026-06-08","F",40,77,25,83,0,2,9,49,16,836,0
"SEELEY LAKE","2026-06-08","F",36,75,23,82,0,2,9,40,16,937,0
"BLUE MTN","2026-06-08","F",41,76,26,70,0,2,9,45,16,776,0
"POINT 6","2026-06-08","F",36,55,40,62,0,9,24,48,17,720,0
"CLEARWATER","2026-06-08","F",36,75,26,86,0,5,11,40,16,918,0
"DEER MOUNTAIN","2026-06-08","F",40,64,30,57,0,9,22,58,17,674,0
"GIRD POINT","2026-06-08","F",40,64,30,55,0,1,7,53,15,619,0
"LITTLE ROCK CREEK","2026-06-08","F",47,74,25,48,0,6,17,55,17,761,0
"SAWMILL CREEK","2026-06-08","F",43,69,27,51,0,6,15,51,17,643,0
"HARVEY GROUSE","2026-06-08","F",41,69,27,62,0.06,5,13,48,17,877,0
"YANKEE FLAT","2026-06-08","F",35,72,24,73,0,9,17,58,16,783,0
"HELLS HALF","2026-06-09","F",50,65,29,50,0,14,25,50,15,495,0
"PLAINS","2026-06-09","F",50,82,28,77,0,3,11,50,17,636,0
"HOT SPRINGS","2026-06-09","F",47,80,40,77,0,9,14,50,17,722,0
"RONAN","2026-06-09","F",50,76,37,72,0,5,10,41,15,732,0
"JETTE","2026-06-09","F",52,76,38,69,0,5,11,40,15,790,0
"PISTOL CREEK","2026-06-09","F",51,68,43,58,0,7,14,51,17,735,0
"NINE MILE","2026-06-09","F",48,80,31,77,0,5,14,49,17,631,0
"SEELEY LAKE","2026-06-09","F",44,79,27,85,0,3,14,48,17,440,0
"BLUE MTN","2026-06-09","F",49,79,32,71,0,5,13,53,17,614,0
"POINT 6","2026-06-09","F",47,57,45,56,0,22,33,51,17,686,0
"CLEARWATER","2026-06-09","F",45,78,31,80,0,8,15,44,17,470,0
"DEER MOUNTAIN","2026-06-09","F",51,66,35,50,0,11,25,50,17,480,0
"GIRD POINT","2026-06-09","F",52,68,34,51,0.06,2,9,51,16,416,0
"LITTLE ROCK CREEK","2026-06-09","F",57,77,28,46,0.06,8,21,50,17,525,0
"SAWMILL CREEK","2026-06-09","F",53,72,32,49,0.06,8,18,52,16,424,0
"HARVEY GROUSE","2026-06-09","F",50,72,32,61,0.06,8,16,52,17,547,0
"YANKEE FLAT","2026-06-09","F",42,75,26,71,0,13,21,51,17,565,0